Date,Name,Year,Letterboxd URI
2019-03-05,Sleepwalkers,1992,https://boxd.it/1TRA
2019-03-05,Spider-Man: Into the Spider-Verse,2018,https://boxd.it/azpY
2019-03-05,BlacKkKlansman,2018,https://boxd.it/hxL8
2019-03-05,Black Panther,2018,https://boxd.it/8MHs
2019-03-05,Annihilation,2018,https://boxd.it/9yzm
2019-03-05,Deadpool 2,2018,https://boxd.it/dlLM
2019-03-05,Sorry to Bother You,2018,https://boxd.it/f21E
2019-03-05,Venom,2018,https://boxd.it/b8wA
2019-03-05,Jurassic World: Fallen Kingdom,2018,https://boxd.it/bOnU
2019-03-05,Halloween,2018,https://boxd.it/f0uE
2019-03-05,The Meg,2018,https://boxd.it/bAL4
2019-03-05,Overlord,2018,https://boxd.it/fAwm
2019-03-05,Assassination Nation,2018,https://boxd.it/fSIq
2019-03-05,Summer of 84,2018,https://boxd.it/gQYe
2019-03-05,Puppet Master: The Littlest Reich,2018,https://boxd.it/dS8I
2019-03-05,EGG,2018,https://boxd.it/ivVs
2019-03-05,Hellboy II: The Golden Army,2008,https://boxd.it/1Ug6
2019-03-05,Hellboy,2004,https://boxd.it/28HK
2019-03-05,Get Out,2017,https://boxd.it/eOCm
2019-03-05,Baby Driver,2017,https://boxd.it/bhF2
2019-03-05,Star Wars: The Last Jedi,2017,https://boxd.it/5xme
2019-03-05,Thor: Ragnarok,2017,https://boxd.it/8MHi
2019-03-05,Logan,2017,https://boxd.it/7Piy
2019-03-05,Spider-Man: Homecoming,2017,https://boxd.it/aboM
2019-03-05,Guardians of the Galaxy Vol. 2,2017,https://boxd.it/8MxC
2019-03-05,Coco,2017,https://boxd.it/bYJQ
2019-03-05,Kong: Skull Island,2017,https://boxd.it/9ewM
2019-03-05,Jumanji: Welcome to the Jungle,2017,https://boxd.it/bUeE
2019-03-05,The Lego Batman Movie,2017,https://boxd.it/azp0
2019-03-05,Valerian and the City of a Thousand Planets,2017,https://boxd.it/biYY
2019-03-05,King Arthur: Legend of the Sword,2017,https://boxd.it/8lDS
2019-03-05,Death Note,2017,https://boxd.it/bOS4
2019-03-05,Cult of Chucky,2017,https://boxd.it/dKOm
2019-03-05,Anna and the Apocalypse,2017,https://boxd.it/gwcE
2019-03-05,Wish Upon,2017,https://boxd.it/fF6o
2019-03-05,Dave Made a Maze,2017,https://boxd.it/fof4
2019-03-05,Alien,1979,https://boxd.it/2awY
2019-03-05,It Follows,2014,https://boxd.it/87wo
2019-03-05,Jaws,1975,https://boxd.it/2a5e
2019-03-05,The Thing,1982,https://boxd.it/294O
2019-03-05,Shaun of the Dead,2004,https://boxd.it/29J8
2019-03-05,What We Do in the Shadows,2014,https://boxd.it/7eQy
2019-03-05,The Cabin in the Woods,2011,https://boxd.it/1zOc
2019-03-05,Train to Busan,2016,https://boxd.it/dSQU
2019-03-05,A Nightmare on Elm Street,1984,https://boxd.it/2aw0
2019-03-05,The Rocky Horror Picture Show,1975,https://boxd.it/1a3q
2019-03-05,Nosferatu,1922,https://boxd.it/29TM
2019-03-05,Young Frankenstein,1974,https://boxd.it/25To
2019-03-05,Army of Darkness,1992,https://boxd.it/29G4
2019-03-05,Jennifer's Body,2009,https://boxd.it/1Efw
2019-03-05,Tucker and Dale vs. Evil,2010,https://boxd.it/Mce
2019-03-05,The Host,2006,https://boxd.it/28ZY
2019-03-05,Constantine,2005,https://boxd.it/2a7E
2019-03-05,Blade,1998,https://boxd.it/1a8A
2019-03-05,The Lost Boys,1987,https://boxd.it/28DI
2019-03-05,Re-Animator,1985,https://boxd.it/28hM
2019-03-05,Resident Evil,2002,https://boxd.it/28z2
2019-03-05,Child's Play,1988,https://boxd.it/1VTo
2019-03-05,Tremors,1990,https://boxd.it/1YSe
2019-03-05,Blade II,2002,https://boxd.it/1agO
2019-03-05,A Nightmare on Elm Street 3: Dream Warriors,1987,https://boxd.it/1X9W
2019-03-05,A Nightmare on Elm Street Part 2: Freddy's Revenge,1985,https://boxd.it/1XiE
2019-03-05,Troll Hunter,2010,https://boxd.it/NQY
2019-03-05,Fright Night,2011,https://boxd.it/l1S
2019-03-05,Resident Evil: Retribution,2012,https://boxd.it/2qmK
2019-03-05,Resident Evil: Apocalypse,2004,https://boxd.it/28yS
2019-03-05,Resident Evil: Extinction,2007,https://boxd.it/20Oy
2019-03-05,John Dies at the End,2012,https://boxd.it/2BSW
2019-03-05,Psycho,1998,https://boxd.it/1Ugg
2019-03-05,Chopping Mall,1986,https://boxd.it/1ow2
2019-03-05,Curse of Chucky,2013,https://boxd.it/5b1y
2019-03-05,Buffy the Vampire Slayer,1992,https://boxd.it/1WP8
2019-03-05,Shadow of the Vampire,2000,https://boxd.it/1Vb2
2019-03-05,The Toxic Avenger,1984,https://boxd.it/1MAi
2019-03-05,"Silent Night, Deadly Night",1984,https://boxd.it/1rRi
2019-03-05,Repo! The Genetic Opera,2008,https://boxd.it/1Ogu
2019-03-05,Sleepaway Camp,1983,https://boxd.it/1PSY
2019-03-05,Mad Max: Fury Road,2015,https://boxd.it/2DjO
2019-03-05,Arrival,2016,https://boxd.it/aNGk
2019-03-05,The Avengers,2012,https://boxd.it/1xFW
2019-03-05,Blade Runner,1982,https://boxd.it/2bcA
2019-03-05,Rogue One: A Star Wars Story,2016,https://boxd.it/aPvy
2019-03-05,Captain America: Civil War,2016,https://boxd.it/89Ja
2019-03-05,2001: A Space Odyssey,1968,https://boxd.it/2bf0
2019-03-05,The Empire Strikes Back,1980,https://boxd.it/27Vw
2019-03-05,Captain America: The Winter Soldier,2014,https://boxd.it/3r58
2019-03-05,Back to the Future,1985,https://boxd.it/2b8e
2019-03-05,The Matrix,1999,https://boxd.it/2a1m
2019-03-05,Avengers: Age of Ultron,2015,https://boxd.it/3qi6
2019-03-05,Iron Man,2008,https://boxd.it/28dA
2019-03-05,Return of the Jedi,1983,https://boxd.it/27Vm
2019-03-05,10 Cloverfield Lane,2016,https://boxd.it/aZiu
2019-03-05,Iron Man 3,2013,https://boxd.it/2cBQ
2019-03-05,Captain America: The First Avenger,2011,https://boxd.it/28b0
2019-03-05,Children of Men,2006,https://boxd.it/1Y2i
2019-03-05,X-Men: Days of Future Past,2014,https://boxd.it/4aRw
2019-03-05,E.T. the Extra-Terrestrial,1982,https://boxd.it/2a1G
2019-03-05,Edge of Tomorrow,2014,https://boxd.it/4pD0
2019-03-05,Iron Man 2,2010,https://boxd.it/1WZM
2019-03-05,Aliens,1986,https://boxd.it/29PA
2019-03-05,Snowpiercer,2013,https://boxd.it/3Icg
2019-03-05,Terminator 2: Judgment Day,1991,https://boxd.it/2aGY
2019-03-05,Pacific Rim,2013,https://boxd.it/2cB2
2019-03-05,The Terminator,1984,https://boxd.it/2aQY
2019-03-05,Looper,2012,https://boxd.it/ham
2019-03-05,X-Men: First Class,2011,https://boxd.it/FOA
2019-03-05,Moon,2009,https://boxd.it/1IGQ
2019-03-05,The World's End,2013,https://boxd.it/3EiO
2019-03-05,Back to the Future Part II,1989,https://boxd.it/2aYI
2019-03-05,District 9,2009,https://boxd.it/1Iik
2019-03-05,The Iron Giant,1999,https://boxd.it/1Wow
2019-03-05,Lucy,2014,https://boxd.it/75hu
2019-03-05,X-Men,2000,https://boxd.it/1a7s
2019-03-05,Star Trek Beyond,2016,https://boxd.it/5Ik4
2019-03-05,Minority Report,2002,https://boxd.it/2aWi
2019-03-05,The Fifth Element,1997,https://boxd.it/71k
2019-03-05,X2,2003,https://boxd.it/1a7i
2019-03-05,Back to the Future Part III,1990,https://boxd.it/2aTS
2019-03-05,The Fly,1986,https://boxd.it/1YIe
2019-03-05,RoboCop,1987,https://boxd.it/22Wu
2019-03-05,Close Encounters of the Third Kind,1977,https://boxd.it/29u8
2019-03-05,Metropolis,1927,https://boxd.it/71a
2019-03-05,The Lost World: Jurassic Park,1997,https://boxd.it/2azS
2019-03-05,Dredd,2012,https://boxd.it/GZE
2019-03-05,Total Recall,1990,https://boxd.it/29qK
2019-03-05,They Live,1988,https://boxd.it/20lm
2019-03-05,TRON: Legacy,2010,https://boxd.it/1Dlo
2019-03-05,Men in Black 3,2012,https://boxd.it/103U
2019-03-05,Escape from New York,1981,https://boxd.it/294k
2019-03-05,Fantastic Four,2005,https://boxd.it/1XVw
2019-03-05,Pacific Rim: Uprising,2018,https://boxd.it/83Qa
2019-03-05,Primer,2004,https://boxd.it/6YA
2019-03-05,Batman & Robin,1997,https://boxd.it/2ar0
2019-03-05,Megamind,2010,https://boxd.it/16Sk
2019-03-05,Power Rangers,2017,https://boxd.it/9KKc
2019-03-05,Attack the Block,2011,https://boxd.it/hFO
2019-03-05,Jupiter Ascending,2015,https://boxd.it/2Evm
2019-03-05,Spaceballs,1987,https://boxd.it/29cy
2019-03-05,Superman,1978,https://boxd.it/27Qm
2019-03-05,Contact,1997,https://boxd.it/29OM
2019-03-05,Independence Day: Resurgence,2016,https://boxd.it/JwK
2019-03-05,Bill & Ted's Excellent Adventure,1989,https://boxd.it/28oI
2019-03-05,Hulk,2003,https://boxd.it/27PS
2019-03-05,Galaxy Quest,1999,https://boxd.it/29gq
2019-03-05,Event Horizon,1997,https://boxd.it/20d8
2019-03-05,Serenity,2005,https://boxd.it/1Km4
2019-03-05,Mad Max Beyond Thunderdome,1985,https://boxd.it/1YTm
2019-03-05,Idiocracy,2006,https://boxd.it/20RW
2019-03-05,Star Trek II: The Wrath of Khan,1982,https://boxd.it/2b0u
2019-03-05,Equilibrium,2002,https://boxd.it/211s
2019-03-05,Tron,1982,https://boxd.it/2b9w
2019-03-05,The Running Man,1987,https://boxd.it/29q6
2019-03-05,The League of Extraordinary Gentlemen,2003,https://boxd.it/1ZVy
2019-03-05,Turbo Kid,2015,https://boxd.it/9X0c
2019-03-05,Solaris,2002,https://boxd.it/27qS
2019-03-05,Star Trek: The Motion Picture,1979,https://boxd.it/2b0O
2019-03-05,Stargate,1994,https://boxd.it/27iu
2019-03-05,Star Trek IV: The Voyage Home,1986,https://boxd.it/2aYe
2019-03-05,Star Trek: First Contact,1996,https://boxd.it/2aTo
2019-03-05,Soylent Green,1973,https://boxd.it/1SxE
2019-03-05,Judge Dredd,1995,https://boxd.it/1Yzm
2019-03-05,The Last Witch Hunter,2015,https://boxd.it/8lBW
2019-03-05,Star Trek VI: The Undiscovered Country,1991,https://boxd.it/2aXg
2019-03-05,Mystery Men,1999,https://boxd.it/1XIM
2019-03-05,Æon Flux,2005,https://boxd.it/20vc
2019-03-05,Star Trek: Generations,1994,https://boxd.it/2aUm
2019-03-05,Sky Captain and the World of Tomorrow,2004,https://boxd.it/23jS
2019-03-05,Zardoz,1974,https://boxd.it/23Fa
2019-03-05,Short Circuit,1986,https://boxd.it/26zY
2019-03-05,Heavy Metal,1981,https://boxd.it/1SZI
2019-03-05,Johnny Mnemonic,1995,https://boxd.it/1XBQ
2019-03-05,Star Trek: Insurrection,1998,https://boxd.it/2aTe
2019-03-05,Titan A.E.,2000,https://boxd.it/20W8
2019-03-05,Batman Beyond: Return of the Joker,2000,https://boxd.it/1KwS
2019-03-05,Class of Nuke 'Em High,1986,https://boxd.it/1tEU
2019-03-05,Deadpool,2016,https://boxd.it/9fOC
2019-03-05,Scott Pilgrim vs. the World,2010,https://boxd.it/1Aq6
2019-03-05,The Breakfast Club,1985,https://boxd.it/27q4
2019-03-05,Toy Story 3,2010,https://boxd.it/1WRe
2019-03-05,The Lego Movie,2014,https://boxd.it/4pDO
2019-03-05,Wreck-It Ralph,2012,https://boxd.it/2TTS
2019-03-05,Ferris Bueller's Day Off,1986,https://boxd.it/1YPY
2019-03-05,Ghostbusters,1984,https://boxd.it/g2w
2019-03-05,Groundhog Day,1993,https://boxd.it/2b3e
2019-03-05,Monty Python and the Holy Grail,1975,https://boxd.it/29GI
2019-03-05,10 Things I Hate About You,1999,https://boxd.it/23AO
2019-03-05,Men in Black,1997,https://boxd.it/2a0I
2019-03-05,Airplane!,1980,https://boxd.it/29yu
2019-03-05,The Emperor's New Groove,2000,https://boxd.it/1Tey
2019-03-05,Evil Dead II,1987,https://boxd.it/29Ge
2019-03-05,Who Framed Roger Rabbit,1988,https://boxd.it/29ry
2019-03-05,Zoolander,2001,https://boxd.it/1YMA
2019-03-05,The Mask,1994,https://boxd.it/29rS
2019-03-05,Dope,2015,https://boxd.it/9Tho
2019-03-05,Clerks,1994,https://boxd.it/2706
2019-03-05,An American Werewolf in London,1981,https://boxd.it/29yk
2019-03-05,Big Trouble in Little China,1986,https://boxd.it/21em
2019-03-05,This Is Spinal Tap,1984,https://boxd.it/1UOs
2019-03-05,Space Jam,1996,https://boxd.it/26YO
2019-03-05,Men in Black II,2002,https://boxd.it/2a0y
2019-03-05,Walk Hard: The Dewey Cox Story,2007,https://boxd.it/21wK
2019-03-05,Mad Max 2,1981,https://boxd.it/1ZPg
2019-03-05,True Stories,1986,https://boxd.it/1wXU
2019-03-05,Twin Peaks: Fire Walk with Me,1992,https://boxd.it/27Qw
2019-03-05,Starship Troopers,1997,https://boxd.it/2a7k
2019-03-05,Demolition Man,1993,https://boxd.it/1XVm
2019-03-05,Psycho III,1986,https://boxd.it/1RsS
2019-03-05,Hackers,1995,https://boxd.it/1WhU
2019-03-05,Faust: Love of the Damned,2000,https://boxd.it/xe
2019-03-05,Ghostbusters II,1989,https://boxd.it/261s
2019-03-05,Inglourious Basterds,2009,https://boxd.it/1JzG
2019-03-05,Kill Bill: Vol. 1,2003,https://boxd.it/70w
2019-03-05,Pulp Fiction,1994,https://boxd.it/29Pq
2019-03-05,Django Unchained,2012,https://boxd.it/2cCk
2019-03-05,The Hateful Eight,2015,https://boxd.it/8gw8
2019-03-05,Reservoir Dogs,1992,https://boxd.it/2agc
2019-03-05,Kill Bill: Vol. 2,2004,https://boxd.it/2au4
2019-03-05,Jackie Brown,1997,https://boxd.it/2aVO
2019-03-05,The Lord of the Rings: The Fellowship of the Ring,2001,https://boxd.it/2b5O
2019-03-05,Kingsman: The Secret Service,2014,https://boxd.it/6dxe
2019-03-05,The Lord of the Rings: The Return of the King,2003,https://boxd.it/2b5u
2019-03-05,Batman Begins,2005,https://boxd.it/2aIg
2019-03-05,Raiders of the Lost Ark,1981,https://boxd.it/2bbs
2019-03-05,John Wick,2014,https://boxd.it/7dEc
2019-03-05,Die Hard,1988,https://boxd.it/2a7u
2019-03-05,Thor,2011,https://boxd.it/1WQU
2019-03-05,Hot Fuzz,2007,https://boxd.it/2416
2019-03-05,V for Vendetta,2005,https://boxd.it/29Ik
2019-03-05,Indiana Jones and the Last Crusade,1989,https://boxd.it/2baO
2019-03-05,Casino Royale,2006,https://boxd.it/1alk
2019-03-05,Kick-Ass,2010,https://boxd.it/1zaQ
2019-03-05,"O Brother, Where Art Thou?",2000,https://boxd.it/2b3I
2019-03-05,The Big Lebowski,1998,https://boxd.it/2b6C
2019-03-05,Fargo,1996,https://boxd.it/2aHM
2019-03-05,M,1931,https://boxd.it/29vq
2019-03-05,Mad Max,1979,https://boxd.it/1Y7i
2019-03-05,"Crouching Tiger, Hidden Dragon",2000,https://boxd.it/2b1M
2019-03-05,Lethal Weapon,1987,https://boxd.it/29e0
2019-03-05,GoldenEye,1995,https://boxd.it/29KU
2019-03-05,Dune,1984,https://boxd.it/29tY
2019-03-05,Rush Hour,1998,https://boxd.it/27pU
2019-03-05,True Lies,1994,https://boxd.it/19pq
2019-03-05,Ghost Rider,2007,https://boxd.it/290M
2019-03-05,Salt,2010,https://boxd.it/1rtK
2019-03-05,A Knight's Tale,2001,https://boxd.it/1YAk
2019-03-05,Crank,2006,https://boxd.it/27MY
2019-03-05,The Boondock Saints,1999,https://boxd.it/20gw
2019-03-05,Last Action Hero,1993,https://boxd.it/1YhW
2019-03-05,Rush Hour 2,2001,https://boxd.it/23ga
2019-03-05,Batman: Mask of the Phantasm,1993,https://boxd.it/1N6S
2019-03-05,The Transporter,2002,https://boxd.it/24Nu
2019-03-05,Drunken Master II,1994,https://boxd.it/1Si0
2019-03-05,Police Story 4: First Strike,1996,https://boxd.it/1YLC
2019-03-05,Crank: High Voltage,2009,https://boxd.it/1MPs
2019-03-05,Gone in Sixty Seconds,2000,https://boxd.it/1Y4y
2019-03-05,Rumble in the Bronx,1995,https://boxd.it/1fi6
2019-03-05,Moana,2016,https://boxd.it/8tfY
2019-03-05,Kubo and the Two Strings,2016,https://boxd.it/a4wE
2019-03-05,Popstar: Never Stop Never Stopping,2016,https://boxd.it/blDa
2019-03-05,Warcraft,2016,https://boxd.it/2czK
2019-03-05,Ant-Man,2015,https://boxd.it/3vmW
2019-03-05,Krampus,2015,https://boxd.it/8Wy6
2019-03-06,The Great Wall,2016,https://boxd.it/a04c
2019-03-06,The Dark Knight,2008,https://boxd.it/2b0k
2019-03-06,Inside Out,2015,https://boxd.it/4KHC
2019-03-06,Star Wars,1977,https://boxd.it/72s
2019-03-06,Wonder Woman,2017,https://boxd.it/9roG
2019-03-06,The Godfather,1972,https://boxd.it/2aNK
2019-03-06,The Silence of the Lambs,1991,https://boxd.it/2aHW
2019-03-06,Jurassic Park,1993,https://boxd.it/2aA2
2019-03-06,The Shawshank Redemption,1994,https://boxd.it/2aHi
2019-03-06,WALL·E,2008,https://boxd.it/1VEo
2019-03-06,GoodFellas,1990,https://boxd.it/29FA
2019-03-06,The Truman Show,1998,https://boxd.it/18U8
2019-03-06,Harry Potter and the Prisoner of Azkaban,2004,https://boxd.it/29Qy
2019-03-06,"Monsters, Inc.",2001,https://boxd.it/2a46
2019-03-06,The Godfather: Part II,1974,https://boxd.it/2aNq
2019-03-06,Requiem for a Dream,2000,https://boxd.it/29VI
2019-03-06,Harry Potter and the Chamber of Secrets,2002,https://boxd.it/29QI
2019-03-06,One Flew Over the Cuckoo's Nest,1975,https://boxd.it/2aeA
2019-03-06,Full Metal Jacket,1987,https://boxd.it/2a1Q
2019-03-06,Toy Story 2,1999,https://boxd.it/29qq
2019-03-06,Catch Me If You Can,2002,https://boxd.it/29VS
2019-03-06,Spider-Man,2002,https://boxd.it/2a8i
2019-03-06,Unbreakable,2000,https://boxd.it/1XV2
2019-03-06,Ocean's Eleven,2001,https://boxd.it/2aZm
2019-03-06,The Princess Bride,1987,https://boxd.it/26EY
2019-03-06,Chinatown,1974,https://boxd.it/29vU
2019-03-06,Stand by Me,1986,https://boxd.it/2aOe
2019-03-06,Bad Times at the El Royale,2018,https://boxd.it/fSA2
2019-03-06,Coraline,2009,https://boxd.it/1NhQ
2019-03-06,It Comes at Night,2017,https://boxd.it/eLuk
2019-03-09,Captain Marvel,2019,https://boxd.it/9vSA
2019-03-13,Candyman,1992,https://boxd.it/1Ys6
2019-03-20,Detention,2011,https://boxd.it/2cHk
2019-03-20,Bubba Ho-tep,2002,https://boxd.it/1Y02
2019-03-25,Hail Satan?,2019,https://boxd.it/kJvC
2019-04-09,The Craft,1996,https://boxd.it/1Zai
2019-04-10,Razorback,1984,https://boxd.it/1upc
2019-05-14,The Inventor: Out for Blood in Silicon Valley,2019,https://boxd.it/kLa2
2019-05-20,Horror Noire: A History of Black Horror,2019,https://boxd.it/l5oe
2019-05-21,Brain Dead,1990,https://boxd.it/22os
2019-06-01,John Wick: Chapter 3 – Parabellum,2019,https://boxd.it/gmFw
2019-06-25,Vampire's Kiss,1988,https://boxd.it/21aY
2019-07-23,Spider-Man: Far from Home,2019,https://boxd.it/fegG
2019-08-16,Scary Stories to Tell in the Dark,2019,https://boxd.it/eJTW
2019-10-30,Just Desserts: The Making of 'Creepshow',2007,https://boxd.it/c4FA
2019-11-09,Jojo Rabbit,2019,https://boxd.it/iEBG
2019-11-13,Dolemite Is My Name,2019,https://boxd.it/je6E
2019-11-25,Ginger Snaps 2: Unleashed,2004,https://boxd.it/1Wse
2019-11-27,One Cut of the Dead,2017,https://boxd.it/iAFu
2019-12-25,The Hebrew Hammer,2003,https://boxd.it/1FvU
2019-12-31,In Search of Darkness,2019,https://boxd.it/lA5M
2020-02-08,Birds of Prey (and the Fantabulous Emancipation of One Harley Quinn),2020,https://boxd.it/hSyO
2020-02-14,Desperado,1995,https://boxd.it/20Bk
2020-04-16,Never Surrender: A Galaxy Quest Documentary,2019,https://boxd.it/nEZe
2020-05-16,Matinee,1993,https://boxd.it/1vV4
2020-05-21,Phantasm,1979,https://boxd.it/1YaG
2020-06-06,Strange Brew,1983,https://boxd.it/1R3S
2020-06-07,Pure,2019,https://boxd.it/mOaS
2020-06-09,Foxfire,1996,https://boxd.it/1GJo
2020-06-16,Doomed! The Untold Story of Roger Corman's The Fantastic Four,2015,https://boxd.it/6rue
2020-06-20,"Electric Boogaloo: The Wild, Untold Story of Cannon Films",2014,https://boxd.it/8HoU
2020-06-21,The Faculty,1998,https://boxd.it/1Z5C
2020-06-26,The Covenant,2006,https://boxd.it/1Xrw
2020-06-26,The Ranger,2018,https://boxd.it/ic9O
2020-06-28,Renaissance,2006,https://boxd.it/1YO2
2020-07-12,Palm Springs,2020,https://boxd.it/lCXQ
2020-07-18,Resident Evil: Afterlife,2010,https://boxd.it/1bVo
2020-07-28,The Guest,2014,https://boxd.it/76RS
2020-07-30,Vamps,2012,https://boxd.it/2wWY
2020-08-03,Blow the Man Down,2019,https://boxd.it/lzJ2
2020-08-03,Happy Death Day,2017,https://boxd.it/fDz4
2020-08-06,Late Phases,2014,https://boxd.it/7t3G
2020-08-07,Stake Land,2010,https://boxd.it/A1S
2020-09-11,Feels Good Man,2020,https://boxd.it/oigS
2020-10-24,Disappearance at Clifton Hill,2019,https://boxd.it/m4nG
2020-11-02,The Craft: Legacy,2020,https://boxd.it/lKYs
2020-11-16,In the Mouth of Madness,1994,https://boxd.it/26vi
2020-11-24,Speed Racer,2008,https://boxd.it/20UQ
2020-11-25,The Fate of the Furious,2017,https://boxd.it/bbCw
2020-11-26,Deathgasm,2015,https://boxd.it/avNs
2020-12-08,Vampires vs. the Bronx,2020,https://boxd.it/kP9M
2020-12-20,A Goofy Movie,1995,https://boxd.it/1Lwu
2020-12-20,Phantom of the Paradise,1974,https://boxd.it/1s34
2020-12-20,Blow Out,1981,https://boxd.it/1TlE
2020-12-25,The Monster Squad,1987,https://boxd.it/1Q1w
2020-12-26,J.R. “Bob” Dobbs and The Church of the SubGenius,2019,https://boxd.it/lbdc
2020-12-26,Friday,1995,https://boxd.it/1VLO
2020-12-29,Cigarette Burns,2005,https://boxd.it/aH2y
2021-01-02,Right to Die,2007,https://boxd.it/al4s
2021-01-02,We All Scream for Ice Cream,2007,https://boxd.it/6TdK
2021-01-02,The Black Cat,2007,https://boxd.it/al3O
2021-01-04,The Washingtonians,2007,https://boxd.it/akUs
2021-01-11,We Can Be Heroes,2020,https://boxd.it/mLc2
2021-02-20,Angel Heart,1987,https://boxd.it/29WG
2021-02-22,Space Sweepers,2021,https://boxd.it/lnnI
2021-03-23,Dirty Computer,2018,https://boxd.it/iLhe
2021-05-01,Bride of Chucky,1998,https://boxd.it/1SJU
2021-05-09,Another Round,2020,https://boxd.it/lkba
2021-05-18,"Lock, Stock and Two Smoking Barrels",1998,https://boxd.it/2b92
2021-05-20,Tenacious D in The Pick of Destiny,2006,https://boxd.it/27go
2021-05-21,"Chutzpah, This Is?",2005,https://boxd.it/h7Mu
2021-05-23,El Mariachi,1992,https://boxd.it/1YRq
2021-07-02,Darkman,1990,https://boxd.it/1YnK
2021-07-05,Fear Street: 1994,2021,https://boxd.it/lLBk
2021-07-12,The Kid Detective,2020,https://boxd.it/r0qm
2021-08-01,Swan Song,2021,https://boxd.it/tT40
2021-08-02,The Dead Zone,1983,https://boxd.it/1U6g
2021-08-24,Severance,2006,https://boxd.it/23nq
2021-08-29,The Gentlemen,2019,https://boxd.it/iYBQ
2021-09-01,Candyman,2021,https://boxd.it/kHFg
2021-09-06,Jay and Silent Bob Strike Back,2001,https://boxd.it/26ZM
2021-09-23,Blood Fest,2018,https://boxd.it/gW1i
2021-10-31,The Spine of Night,2021,https://boxd.it/tVjm
2021-11-25,Midnight Mass,2021,https://boxd.it/wvVA
2021-11-28,Super Hot,2021,https://boxd.it/w6SG
2021-12-09,Hansel & Gretel: Witch Hunters,2013,https://boxd.it/gmw
2022-01-03,Fullmetal Alchemist: Brotherhood,2009,https://boxd.it/ptii
2022-01-07,Grabbers,2012,https://boxd.it/2XL4
2022-01-08,The Matrix Resurrections,2021,https://boxd.it/n87k
2022-01-23,The Empty Man,2020,https://boxd.it/iIWS
2022-02-04,Horror Noire,2021,https://boxd.it/wEqm
2022-02-05,The Columnist,2019,https://boxd.it/oqke
2022-02-08,The Devil's Advocate,1997,https://boxd.it/286k
2022-02-12,Mortuary,2005,https://boxd.it/1OvE
2022-02-13,Snakes on a Plane,2006,https://boxd.it/2aAw
2022-02-19,Cherry Falls,2000,https://boxd.it/1RyQ
2022-02-28,The Suicide Squad,2021,https://boxd.it/fw6O
2022-03-03,Frankenhooker,1990,https://boxd.it/1saE
2022-03-16,Hawkeye,2021,https://boxd.it/xQqK
2022-04-05,Everything Everywhere All at Once,2022,https://boxd.it/jUk4
2022-05-03,Space Cop,2016,https://boxd.it/8DF8
2022-05-09,Listening to Kenny G,2021,https://boxd.it/wp0S
2022-06-25,The Void,2016,https://boxd.it/d93S
2022-06-28,Looney Tunes: Back in Action,2003,https://boxd.it/1Vzo
2022-07-11,Jay and Silent Bob Reboot,2019,https://boxd.it/fFvS
2022-07-24,The Bob's Burgers Movie,2022,https://boxd.it/if7w
2022-08-07,The Day of the Beast,1995,https://boxd.it/1Vyg
2022-08-24,Glorious,2022,https://boxd.it/zrn6
2022-09-22,Habit,1995,https://boxd.it/1p4y
2022-10-04,Six-String Samurai,1998,https://boxd.it/1x5a
2022-10-05,Shoot 'Em Up,2007,https://boxd.it/24LI
2022-11-14,Cowboy Bebop: The Movie,2001,https://boxd.it/1Uc4
2022-11-23,Prey,2022,https://boxd.it/sNBU
2022-12-02,Mallrats,1995,https://boxd.it/26ZW
2022-12-07,Bacurau,2019,https://boxd.it/fSUG
2022-12-09,Clerks III,2022,https://boxd.it/nAaQ
2022-12-12,Faust,1994,https://boxd.it/1G3i
2023-01-03,Glass Onion,2022,https://boxd.it/oCkK
2023-01-30,Rockula,1990,https://boxd.it/2Haw
2023-02-13,Magic Mike XXL,2015,https://boxd.it/7TTS
2023-02-25,The Congress,2013,https://boxd.it/4Ota
2023-03-11,All About Evil,2010,https://boxd.it/2tuW
2023-04-10,The Shining,1980,https://boxd.it/29Nu
2023-08-08,Spider-Man: Across the Spider-Verse,2023,https://boxd.it/kSz4
2023-08-10,Guardians of the Galaxy Vol. 3,2023,https://boxd.it/fVNI
2023-08-20,The Italian Job,2003,https://boxd.it/1Y86
2023-09-24,The Last Voyage of the Demeter,2023,https://boxd.it/nzTq
2023-11-11,Insect,2018,https://boxd.it/dC7E
2023-12-13,Teenage Mutant Ninja Turtles: Mutant Mayhem,2023,https://boxd.it/mK0a
2024-01-24,Aquaman and the Lost Kingdom,2023,https://boxd.it/l1LS
2024-02-21,The Cottage,2008,https://boxd.it/1PhS
