Date,Content
2019-03-11,https://boxd.it/BqRzj
2019-03-11,https://boxd.it/yyF9x
2019-07-24,https://boxd.it/GDTWF
2019-07-24,https://boxd.it/GVnod
2020-01-19,https://boxd.it/WZFnz
2020-01-19,https://boxd.it/WRVNx
2020-02-07,https://boxd.it/WruVH
2020-02-08,https://boxd.it/YJK2d
2020-02-08,https://boxd.it/YHpvT
2020-02-08,https://boxd.it/YKoXX
2020-02-10,https://boxd.it/YIZG1
2020-05-04,https://boxd.it/173b9b
2020-06-07,https://boxd.it/Sspg1
2020-06-07,https://boxd.it/B50DP
2020-06-08,https://boxd.it/UcNxV
2020-06-08,https://boxd.it/MNozT
2020-06-08,https://boxd.it/11me3J
2020-06-08,https://boxd.it/14zvkP
2020-06-08,https://boxd.it/12x0gl
2020-06-13,https://boxd.it/1cbKJf
2020-06-13,https://boxd.it/1chsYD
2020-06-13,https://boxd.it/1cgWYL
2020-06-21,https://boxd.it/1cYx8X
2020-06-26,https://boxd.it/FxBWB
2020-06-28,https://boxd.it/1clehD
2020-07-07,https://boxd.it/1cI4y1
2020-07-12,https://boxd.it/XRoVH
2020-07-21,https://boxd.it/1g2DB7
2020-07-21,https://boxd.it/1fVuS5
2020-07-21,https://boxd.it/1fxgTb
2020-07-21,https://boxd.it/1fdWoz
2020-07-22,https://boxd.it/1ghjYZ
2020-07-28,https://boxd.it/1gI4eB
2020-07-29,https://boxd.it/1gfYNJ
2020-07-29,https://boxd.it/1gp06Z
2020-07-30,https://boxd.it/bOUiz
2020-07-30,https://boxd.it/f2NXF
2020-07-30,https://boxd.it/nRvJp
2020-07-30,https://boxd.it/1gVGI1
2020-07-30,https://boxd.it/15FhXp
2020-08-03,https://boxd.it/1huiTp
2020-08-03,https://boxd.it/DIgnp
2020-08-03,https://boxd.it/DZ4ZZ
2020-08-03,https://boxd.it/ENIql
2020-08-03,https://boxd.it/ZZ77p
2020-08-03,https://boxd.it/qY5LZ
2020-08-03,https://boxd.it/qSJof
2020-08-03,https://boxd.it/r1sZh
2020-08-03,https://boxd.it/r8UTb
2020-08-04,https://boxd.it/16JGLF
2020-08-04,https://boxd.it/1h3pxV
2020-08-04,https://boxd.it/QRyM3
2020-08-11,https://boxd.it/1hGhLX
2020-08-11,https://boxd.it/1hyjcf
2020-08-11,https://boxd.it/1i0ZaB
2020-08-23,https://boxd.it/1jplLV
2020-08-23,https://boxd.it/1jpqI3
2020-08-23,https://boxd.it/1jpBiF
2020-08-23,https://boxd.it/1jx6tN
2020-08-23,https://boxd.it/EHXqD
2020-08-29,https://boxd.it/1k9hVf
2020-10-24,https://boxd.it/XEiDL
2020-10-24,https://boxd.it/PpaPx
2020-11-07,https://boxd.it/vweqP
2020-11-15,https://boxd.it/4lKpT
2020-11-15,https://boxd.it/1r7Wmp
2020-11-15,https://boxd.it/70a9l
2020-11-24,https://boxd.it/1tpghB
2020-12-11,https://boxd.it/1t9aNT
2020-12-20,https://boxd.it/spPHH
2020-12-20,https://boxd.it/rQa6v
2020-12-20,https://boxd.it/3yvSj
2020-12-20,https://boxd.it/9tYFR
2020-12-21,https://boxd.it/w8Ks5
2020-12-26,https://boxd.it/DUI79
2020-12-26,https://boxd.it/zGp7F
2021-01-11,https://boxd.it/1x7c1z
2021-01-12,https://boxd.it/1A0KGp
2021-01-16,https://boxd.it/13bEg1
2021-01-16,https://boxd.it/XyCZZ
2021-01-16,https://boxd.it/16BQJD
2021-01-16,https://boxd.it/1AFgdf
2021-01-16,https://boxd.it/1AE7g3
2021-01-17,https://boxd.it/1zNV6L
2021-01-17,https://boxd.it/1yuoPB
2021-01-17,https://boxd.it/1xsgmX
2021-01-17,https://boxd.it/1AqyAV
2021-02-06,https://boxd.it/1DHc6P
2021-02-22,https://boxd.it/1DICed
2021-02-22,https://boxd.it/1DOzDL
2021-03-28,https://boxd.it/1K1har
2021-04-26,https://boxd.it/1Nf3Kv
2021-04-27,https://boxd.it/1Kavvr
2021-05-02,https://boxd.it/1d62Un
2021-05-02,https://boxd.it/xh2jl
2021-05-02,https://boxd.it/FZAw9
2021-05-02,https://boxd.it/8LyZX
2021-05-02,https://boxd.it/14pAcV
2021-05-02,https://boxd.it/12hqsF
2021-05-03,https://boxd.it/1PDu2V
2021-05-11,https://boxd.it/1QzTwd
2021-05-17,https://boxd.it/1RArZR
2021-05-25,https://boxd.it/1qdbJp
2021-05-25,https://boxd.it/1R4GyR
2021-06-16,https://boxd.it/1VEsEz
2021-06-21,https://boxd.it/1US4Pn
2021-06-24,https://boxd.it/1UsAkf
2021-06-24,https://boxd.it/1Uho4R
2021-07-05,https://boxd.it/1XEPzZ
2021-07-06,https://boxd.it/up3Gp
2021-07-11,https://boxd.it/1YQyzB
2021-07-23,https://boxd.it/1ZKOrF
2021-07-30,https://boxd.it/21qE4f
2021-08-01,https://boxd.it/1K7UHL
2021-08-01,https://boxd.it/1JzoRL
2021-08-01,https://boxd.it/1JqBkn
2021-08-01,https://boxd.it/1NgRJz
2021-08-01,https://boxd.it/1JruKZ
2021-08-01,https://boxd.it/1JAbQx
2021-08-01,https://boxd.it/1JqBL9
2021-09-01,https://boxd.it/26hCOd
2021-09-14,https://boxd.it/28reD9
2021-09-14,https://boxd.it/fz8SP
2021-09-21,https://boxd.it/SdHaF
2021-09-24,https://boxd.it/jhhdV
2021-10-04,https://boxd.it/k6jpL
2021-10-09,https://boxd.it/2bQHhD
2021-10-25,https://boxd.it/2er9cL
2021-10-30,https://boxd.it/2e4253
2021-10-31,https://boxd.it/2eUws1
2021-10-31,https://boxd.it/1JBxkP
2021-11-16,https://boxd.it/2d5wR5
2021-11-16,https://boxd.it/2dTdSj
2021-11-16,https://boxd.it/2cXghz
2021-11-16,https://boxd.it/2cGMEB
2022-01-09,https://boxd.it/2lkJvj
2022-01-14,https://boxd.it/2c9OqZ
2022-01-14,https://boxd.it/gADFj
2022-01-14,https://boxd.it/2tGBkN
2022-02-05,https://boxd.it/1kgHDP
2022-02-05,https://boxd.it/1kgTsf
2022-02-11,https://boxd.it/2X2KV
2022-02-12,https://boxd.it/jMm3j
2022-02-12,https://boxd.it/16rXQh
2022-02-19,https://boxd.it/1jMIU3
2022-02-19,https://boxd.it/1LT0Az
2022-02-19,https://boxd.it/PG6Px
2022-02-19,https://boxd.it/bd9VZ
2022-02-19,https://boxd.it/QNcjb
2022-02-26,https://boxd.it/2bU2yh
2022-02-27,https://boxd.it/3fSyX
2022-02-27,https://boxd.it/294mu3
2022-02-28,https://boxd.it/23fWMF
2022-02-28,https://boxd.it/20WPJ9
2022-02-28,https://boxd.it/234zq5
2022-02-28,https://boxd.it/21LnVN
2022-03-01,https://boxd.it/2oD3PL
2022-03-01,https://boxd.it/2xX7xd
2022-03-04,https://boxd.it/2CyEvT
2022-03-04,https://boxd.it/2BWnPB
2022-03-04,https://boxd.it/2CRqlt
2022-03-08,https://boxd.it/2psWv
2022-03-18,https://boxd.it/1yqmT9
2022-03-18,https://boxd.it/3YI2d
2022-03-28,https://boxd.it/8hXjx
2022-03-28,https://boxd.it/1nKMqN
2022-03-28,https://boxd.it/1RnRa5
2022-04-05,https://boxd.it/2H3gQ7
2022-04-05,https://boxd.it/2EDpcP
2022-04-05,https://boxd.it/2HoRMj
2022-06-03,https://boxd.it/2JlKhb
2022-06-06,https://boxd.it/2olfcZ
2022-07-07,https://boxd.it/2RdKR5
2022-07-07,https://boxd.it/2VeZpt
2022-07-07,https://boxd.it/2OQPW1
2022-07-10,https://boxd.it/2ZXidb
2022-07-24,https://boxd.it/2TARsZ
2022-07-24,https://boxd.it/2RXGYt
2022-07-24,https://boxd.it/2UOkCp
2022-07-25,https://boxd.it/2XxYmT
2022-07-26,https://boxd.it/thDjB
2022-07-27,https://boxd.it/31lksJ
2022-08-07,https://boxd.it/2UOKW1
2022-08-07,https://boxd.it/35iKvT
2022-08-24,https://boxd.it/39hlWp
2022-08-28,https://boxd.it/2KU7rF
2022-08-28,https://boxd.it/2Lycbd
2022-08-29,https://boxd.it/32AudX
2022-08-29,https://boxd.it/32tTvX
2022-08-29,https://boxd.it/377dl3
2022-08-30,https://boxd.it/3bbGmt
2022-08-30,https://boxd.it/38YvYH
2022-09-01,https://boxd.it/3aBqQl
2022-09-01,https://boxd.it/32oL0R
2022-09-01,https://boxd.it/2aHehR
2022-09-11,https://boxd.it/3bHJsj
2022-09-24,https://boxd.it/2zfXCf
2022-09-25,https://boxd.it/pO6U5
2022-09-28,https://boxd.it/1hCA5X
2022-09-29,https://boxd.it/lSD2n
2022-10-05,https://boxd.it/3cpDrR
2022-10-05,https://boxd.it/3fBh19
2022-10-06,https://boxd.it/2ZV7nZ
2022-10-06,https://boxd.it/3ih4xN
2022-10-14,https://boxd.it/37p5KZ
2022-10-14,https://boxd.it/3jQv5b
2022-10-14,https://boxd.it/35UUZ1
2022-10-14,https://boxd.it/2eN2mD
2022-10-14,https://boxd.it/2cYBZT
2022-10-24,https://boxd.it/3j0mlb
2022-10-24,https://boxd.it/3m85Nv
2022-10-24,https://boxd.it/3l9BNZ
2022-10-24,https://boxd.it/3jOFjt
2022-10-24,https://boxd.it/3lekhx
2022-10-24,https://boxd.it/1wHwQP
2022-10-25,https://boxd.it/3maVEJ
2022-11-12,https://boxd.it/3poAOD
2022-11-20,https://boxd.it/3gdH7D
2022-11-20,https://boxd.it/3iAIQN
2022-11-20,https://boxd.it/3gCQoX
2022-11-21,https://boxd.it/3mETKZ
2022-11-21,https://boxd.it/3mQfxF
2022-11-23,https://boxd.it/1Dafkf
2022-11-24,https://boxd.it/3p9ldd
2022-11-27,https://boxd.it/3s9YtB
2022-11-27,https://boxd.it/3saZUZ
2022-11-27,https://boxd.it/3s88D3
2022-11-27,https://boxd.it/3slS6v
2022-11-27,https://boxd.it/3skB8n
2022-12-02,https://boxd.it/29m3I7
2022-12-06,https://boxd.it/3eg83T
2022-12-07,https://boxd.it/3um6Yz
2022-12-07,https://boxd.it/3o1MMp
2022-12-07,https://boxd.it/3sTuS9
2022-12-07,https://boxd.it/Dd1bh
2022-12-09,https://boxd.it/36kbJ5
2022-12-09,https://boxd.it/38r25R
2022-12-11,https://boxd.it/2DNg1T
2022-12-11,https://boxd.it/3txuot
2022-12-11,https://boxd.it/3vW52F
2022-12-12,https://boxd.it/3sgBjn
2022-12-12,https://boxd.it/2B3I7P
2022-12-24,https://boxd.it/3pSZJN
2022-12-27,https://boxd.it/3zTAaZ
2022-12-27,https://boxd.it/3ueiBL
2022-12-27,https://boxd.it/3xzbmj
2022-12-27,https://boxd.it/3xsdXH
2023-01-01,https://boxd.it/3C7FND
2023-01-01,https://boxd.it/3btSQL
2023-01-19,https://boxd.it/3J7vaT
2023-01-20,https://boxd.it/kZDMb
2023-01-26,https://boxd.it/1SaS4v
2023-01-26,https://boxd.it/HDzTP
2023-01-26,https://boxd.it/1MQQiZ
2023-01-26,https://boxd.it/1upH8v
2023-01-26,https://boxd.it/iKlc7
2023-01-26,https://boxd.it/11Ybb7
2023-02-12,https://boxd.it/2JXaxj
2023-02-12,https://boxd.it/2hVZpJ
2023-02-19,https://boxd.it/2vM4bX
2023-02-21,https://boxd.it/24cZLj
2023-02-25,https://boxd.it/5yoT3
2023-02-26,https://boxd.it/2n4PAF
2023-02-26,https://boxd.it/1YW6F9
2023-02-26,https://boxd.it/2jljRx
2023-03-06,https://boxd.it/3Tzszx
2023-03-11,https://boxd.it/3fN0VN
2023-03-11,https://boxd.it/2WBZ83
2023-03-11,https://boxd.it/W1GTL
2023-03-11,https://boxd.it/3hWD6l
2023-03-11,https://boxd.it/3Q2BVT
2023-03-11,https://boxd.it/3nfbFl
2023-03-15,https://boxd.it/2tQc3n
2023-03-15,https://boxd.it/2tEFgV
2023-03-20,https://boxd.it/3dIGkr
2023-03-22,https://boxd.it/1nr9J
2023-04-08,https://boxd.it/19DDPp
2023-04-08,https://boxd.it/aeHxl
2023-04-08,https://boxd.it/EsAlP
2023-04-08,https://boxd.it/Hq2Cl
2023-04-08,https://boxd.it/3stsn7
2023-04-14,https://boxd.it/2IcRQF
2023-04-15,https://boxd.it/43SqtF
2023-05-02,https://boxd.it/3Y52Ml
2023-05-02,https://boxd.it/3XTUtt
2023-05-02,https://boxd.it/4b1hlN
2023-05-06,https://boxd.it/46vHbf
2023-05-06,https://boxd.it/47jV8J
2023-05-10,https://boxd.it/3Zwinp
2023-05-10,https://boxd.it/49mJYx
2023-05-11,https://boxd.it/1LK3HZ
2023-05-11,https://boxd.it/1MstJP
2023-05-11,https://boxd.it/vHPBR
2023-05-11,https://boxd.it/18qDv5
2023-05-16,https://boxd.it/3ya9zJ
2023-05-16,https://boxd.it/3yoUGF
2023-05-16,https://boxd.it/3yslgZ
2023-05-16,https://boxd.it/3yHV41
2023-05-16,https://boxd.it/3z1skz
2023-05-16,https://boxd.it/3yKm7F
2023-05-16,https://boxd.it/3yi1xV
2023-05-17,https://boxd.it/5oIvF
2023-06-14,https://boxd.it/40siY7
2023-06-14,https://boxd.it/43VQRJ
2023-06-18,https://boxd.it/44Pwzd
2023-07-20,https://boxd.it/4xLuSF
2023-07-20,https://boxd.it/4wxFLD
2023-07-21,https://boxd.it/1e8vYh
2023-07-21,https://boxd.it/1WgxQh
2023-07-21,https://boxd.it/LBHiT
2023-07-23,https://boxd.it/35WhJH
2023-08-09,https://boxd.it/InlRH
2023-08-21,https://boxd.it/Q4QFr
2023-08-21,https://boxd.it/4JmxZn
2023-08-23,https://boxd.it/daVaz
2023-08-28,https://boxd.it/4FhcYx
2023-08-28,https://boxd.it/4CUAWh
2023-09-02,https://boxd.it/3igLq9
2023-09-19,https://boxd.it/1FJomR
2023-09-19,https://boxd.it/2deSlj
2023-09-21,https://boxd.it/1llQVR
2023-09-24,https://boxd.it/4HrgDV
2023-10-20,https://boxd.it/51q2ol
2023-11-12,https://boxd.it/53eZFT
2023-11-12,https://boxd.it/584wSf
2023-11-12,https://boxd.it/53Oiod
2023-11-22,https://boxd.it/2aNgo3
2023-11-24,https://boxd.it/5awlFj
2023-11-25,https://boxd.it/51DbPr
2023-11-26,https://boxd.it/18TkMp
2023-11-26,https://boxd.it/55zNZ3
2023-11-28,https://boxd.it/G5bkT
2023-11-30,https://boxd.it/5cpPqR
2023-11-30,https://boxd.it/4Z9Gjj
2023-11-30,https://boxd.it/5faFi1
2023-12-03,https://boxd.it/2rTif3
2023-12-03,https://boxd.it/4E2wZV
2023-12-04,https://boxd.it/52kszh
2023-12-13,https://boxd.it/4Cd0RT
2023-12-13,https://boxd.it/5d6X6B
2023-12-21,https://boxd.it/5aN7PD
2024-01-08,https://boxd.it/4QQ4YD
2024-01-22,https://boxd.it/5xFNdx
2024-01-22,https://boxd.it/5pBucl
2024-01-23,https://boxd.it/56k0Zn
2024-01-23,https://boxd.it/53p4hd
2024-01-24,https://boxd.it/5w88tp
2024-01-24,https://boxd.it/5n3rLL
2024-01-24,https://boxd.it/5n4KXD
2024-01-24,https://boxd.it/5mA7tz
2024-01-24,https://boxd.it/5mOQ8T
2024-01-29,https://boxd.it/2pECqR
2024-02-17,https://boxd.it/NzUMh
2024-02-23,https://boxd.it/5T7bQr
2024-02-23,https://boxd.it/5PgAjf
2024-02-25,https://boxd.it/LZ10h
2024-02-25,https://boxd.it/43OSVT
2024-02-25,https://boxd.it/1e4nXR
2024-02-27,https://boxd.it/3Ua2Tb
