Date,Name,Year,Letterboxd URI
2019-03-05,Arcade,1993,https://boxd.it/1oNW
2019-03-05,Incredibles 2,2018,https://boxd.it/7IPg
2019-03-05,Aquaman,2018,https://boxd.it/9ru0
2019-03-05,Searching,2018,https://boxd.it/hDPg
2019-03-05,Ralph Breaks the Internet,2018,https://boxd.it/edAy
2019-03-05,Upgrade,2018,https://boxd.it/i4gW
2019-03-05,Bumblebee,2018,https://boxd.it/f21O
2019-03-05,Rampage,2018,https://boxd.it/f9a4
2019-03-05,A Wrinkle in Time,2018,https://boxd.it/el46
2019-03-05,Maniac,2018,https://boxd.it/jX9y
2019-03-05,Hotel Artemis,2018,https://boxd.it/ejwW
2019-03-05,Hannah Gadsby: Nanette,2018,https://boxd.it/jfyE
2019-03-05,Border,2018,https://boxd.it/iMbG
2019-03-05,The Death of Superman,2018,https://boxd.it/hyjk
2019-03-05,You Might Be the Killer,2018,https://boxd.it/k0Ic
2019-03-05,Tremors: A Cold Day in Hell,2018,https://boxd.it/hV8k
2019-03-05,The Fourth Estate,2018,https://boxd.it/iEAy
2019-03-05,Asher,2018,https://boxd.it/jhhq
2019-03-05,Hell's Kitty,2018,https://boxd.it/igOw
2019-03-05,Glass,2019,https://boxd.it/g3uO
2019-03-05,Fyre,2019,https://boxd.it/kP0g
2019-03-05,Fyre Fraud,2019,https://boxd.it/l7wY
2019-03-05,It,2017,https://boxd.it/bC8e
2019-03-05,The Killing of a Sacred Deer,2017,https://boxd.it/dZ5G
2019-03-05,The Post,2017,https://boxd.it/fTeG
2019-03-05,Jim & Andy: The Great Beyond,2017,https://boxd.it/gO36
2019-03-05,Black Mirror: USS Callister,2017,https://boxd.it/hQXi
2019-03-05,What Happened to Monday,2017,https://boxd.it/ejUu
2019-03-05,1922,2017,https://boxd.it/g8CS
2019-03-05,I Kill Giants,2017,https://boxd.it/ePQ0
2019-03-05,Please Stand By,2017,https://boxd.it/bfH6
2019-03-05,Teen Titans: The Judas Contract,2017,https://boxd.it/eo2s
2019-03-05,Errementari: The Blacksmith and the Devil,2017,https://boxd.it/h7US
2019-03-05,Nobody Speak: Trials of the Free Press,2017,https://boxd.it/fgYg
2019-03-05,A Quiet Place,2018,https://boxd.it/fVJQ
2019-03-05,Halloween II,1981,https://boxd.it/1UeE
2019-03-05,Fright Night,1985,https://boxd.it/1T4e
2019-03-05,eXistenZ,1999,https://boxd.it/27Ni
2019-03-05,Beyond the Black Rainbow,2010,https://boxd.it/EzY
2019-03-05,From Beyond,1986,https://boxd.it/1NXi
2019-03-05,Lifeforce,1985,https://boxd.it/1SGw
2019-03-05,The Masque of the Red Death,1964,https://boxd.it/1w12
2019-03-05,The Gate,1987,https://boxd.it/21ka
2019-03-05,Hardware,1990,https://boxd.it/1Uas
2019-03-05,Monkey Shines,1988,https://boxd.it/1mGY
2019-03-05,Terror Train,1980,https://boxd.it/10uQ
2019-03-05,At the Waterfront After the Social: The Legacy of Sleepaway Camp,2014,https://boxd.it/aa1i
2019-03-05,Colossal,2016,https://boxd.it/biZi
2019-03-05,The Rocketeer,1991,https://boxd.it/1WIG
2019-03-05,The Stuff,1985,https://boxd.it/1GQa
2019-03-05,Ghosts of Mars,2001,https://boxd.it/1Xik
2019-03-05,Maximum Overdrive,1986,https://boxd.it/1XnO
2019-03-05,Rollerball,1975,https://boxd.it/1TK0
2019-03-05,The Big Short,2015,https://boxd.it/ajZw
2019-03-05,The Big Sick,2017,https://boxd.it/eHvy
2019-03-05,Ed Wood,1994,https://boxd.it/2adM
2019-03-05,Dawn of the Dead,1978,https://boxd.it/29gU
2019-03-05,Land of the Dead,2005,https://boxd.it/1Tfm
2019-03-05,Blind Fury,1989,https://boxd.it/1FEs
2019-03-05,Psycho II,1983,https://boxd.it/1VUQ
2019-03-05,The Return of the Living Dead,1985,https://boxd.it/1V3W
2019-03-05,Top Secret!,1984,https://boxd.it/1ZSE
2019-03-05,KISS Meets the Phantom of the Park,1978,https://boxd.it/13jm
2019-03-05,Slaughter High,1986,https://boxd.it/1qK6
2019-03-05,Hollywood Cop,1987,https://boxd.it/3L9k
2019-03-05,Rocktober Blood,1984,https://boxd.it/2ZQ6
2019-03-05,Samurai Cop,1991,https://boxd.it/3Na
2019-03-05,Mission: Impossible – Fallout,2018,https://boxd.it/bSVc
2019-03-05,Police Story,1985,https://boxd.it/1Zhe
2019-03-05,Fist of Fury,1972,https://boxd.it/1TaG
2019-03-05,Police Story 2,1988,https://boxd.it/1VtU
2019-03-05,Straight Outta Compton,2015,https://boxd.it/8rMc
2019-03-05,The Final Girls,2015,https://boxd.it/9gv2
2019-03-05,Chef,2014,https://boxd.it/6lCG
2019-03-05,The Raid 2,2014,https://boxd.it/5uz0
2019-03-06,Creed,2015,https://boxd.it/a2qk
2019-03-26,The Fall,2006,https://boxd.it/1NoM
2019-03-26,2046,2004,https://boxd.it/29tu
2019-03-26,The Hummingbird Project,2018,https://boxd.it/hC52
2019-03-26,To All the Boys I've Loved Before,2018,https://boxd.it/gHec
2019-03-29,Diamantino,2018,https://boxd.it/iNoQ
2019-05-14,Knock Down the House,2019,https://boxd.it/kIss
2019-05-20,Def by Temptation,1990,https://boxd.it/2pUQ
2019-05-20,Eve's Bayou,1997,https://boxd.it/QdU
2019-05-20,The Girl with All the Gifts,2016,https://boxd.it/d2lg
2019-05-28,Streets of Fire,1984,https://boxd.it/1Nt8
2019-06-10,Slice,2018,https://boxd.it/bEyI
2019-07-14,Lost Highway,1997,https://boxd.it/29Wc
2019-09-15,Three Days of the Condor,1975,https://boxd.it/1SF4
2019-10-02,The Fear of God: 25 Years of The Exorcist,1998,https://boxd.it/3z48
2019-10-02,Ad Astra,2019,https://boxd.it/ePzI
2019-10-14,Mom and Dad,2017,https://boxd.it/e6BO
2019-11-07,Prayer of the Rollerboys,1990,https://boxd.it/RDu
2019-11-11,Widows,2018,https://boxd.it/e6gc
2019-11-22,The Last Dragon,1985,https://boxd.it/1P5s
2019-11-24,The Lighthouse,2019,https://boxd.it/icFU
2019-12-07,The Shop on Main Street,1965,https://boxd.it/1uSI
2019-12-08,Victor/Victoria,1982,https://boxd.it/1RzE
2019-12-08,Maverick,1994,https://boxd.it/1YSI
2019-12-22,Head Count,2018,https://boxd.it/k5t2
2020-01-02,976-EVIL II,1992,https://boxd.it/1oTg
2020-01-04,Black Christmas,2019,https://boxd.it/ka4G
2020-01-04,Pain and Glory,2019,https://boxd.it/iOBQ
2020-01-11,Primal Fear,1996,https://boxd.it/28ws
2020-01-22,Birds of Passage,2018,https://boxd.it/fyVu
2020-01-22,Monos,2019,https://boxd.it/eJGe
2020-02-07,Ran,1985,https://boxd.it/1Tlu
2020-02-07,Uncut Gems,2019,https://boxd.it/gXGc
2020-02-07,Parasite,2019,https://boxd.it/hTha
2020-02-10,Starry Eyes,2014,https://boxd.it/7t3Q
2020-02-10,Whiplash,2014,https://boxd.it/7bQA
2020-02-13,The Beast Within: Making Alien,2003,https://boxd.it/2sFu
2020-02-14,The Mask of Zorro,1998,https://boxd.it/1YVi
2020-05-16,Good Time,2017,https://boxd.it/fcFu
2020-06-02,Sorcerer,1977,https://boxd.it/14J6
2020-06-07,The Wild Child,1970,https://boxd.it/28rW
2020-06-07,The Late Show,1977,https://boxd.it/2kgQ
2020-06-07,Arkansas,2020,https://boxd.it/kvaU
2020-06-07,Slay the Dragon,2019,https://boxd.it/m4rI
2020-06-07,Judy & Punch,2019,https://boxd.it/ij9w
2020-06-07,Capital in the Twenty-First Century,2019,https://boxd.it/mfK2
2020-06-07,The Vast of Night,2019,https://boxd.it/kJyc
2020-06-07,Dead Presidents,1995,https://boxd.it/1TQi
2020-06-07,Sweet Sweetback's Baadasssss Song,1971,https://boxd.it/22xa
2020-06-07,To Sleep with Anger,1990,https://boxd.it/3iqG
2020-06-07,Killer of Sheep,1978,https://boxd.it/1rPc
2020-06-07,BaadAsssss Cinema,2002,https://boxd.it/2hww
2020-06-07,Blue My Mind,2017,https://boxd.it/ghj6
2020-06-07,The Cremator,1969,https://boxd.it/1H8y
2020-06-07,Matador,1986,https://boxd.it/20EI
2020-06-07,Revenge,2017,https://boxd.it/gL9g
2020-06-07,Infernal Affairs,2002,https://boxd.it/1Vqw
2020-06-07,Lady Snowblood,1973,https://boxd.it/26Fi
2020-06-07,The Raid,2011,https://boxd.it/3hBy
2020-06-07,Stalker,1979,https://boxd.it/28PO
2020-06-07,Diabolique,1955,https://boxd.it/29we
2020-06-07,Initial D,2005,https://boxd.it/1K9Y
2020-06-07,A Bittersweet Life,2005,https://boxd.it/1U4Y
2020-06-07,Rashomon,1950,https://boxd.it/2a9K
2020-06-07,Werckmeister Harmonies,2000,https://boxd.it/1zzw
2020-06-07,The Taste of Tea,2004,https://boxd.it/1Mse
2020-06-07,Why Don't You Play in Hell?,2013,https://boxd.it/4lnC
2020-06-07,Hiroshima Mon Amour,1959,https://boxd.it/22WY
2020-06-07,Revanche,2008,https://boxd.it/1MdS
2020-06-07,The Devil's Backbone,2001,https://boxd.it/28Li
2020-06-07,In China They Eat Dogs,1999,https://boxd.it/2aLO
2020-06-07,World on a Wire,1973,https://boxd.it/B9me
2020-06-07,A Bay of Blood,1971,https://boxd.it/232i
2020-06-07,Tokyo Fist,1995,https://boxd.it/Z2m
2020-06-07,Braid,2018,https://boxd.it/istU
2020-06-07,Gamera: Guardian of the Universe,1995,https://boxd.it/uiy
2020-06-07,I Saw the Devil,2010,https://boxd.it/FaK
2020-06-07,Alphaville,1965,https://boxd.it/20AG
2020-06-07,In Order of Disappearance,2014,https://boxd.it/7pCW
2020-06-07,Fermat's Room,2007,https://boxd.it/22Ue
2020-06-07,Kung Fu Hustle,2004,https://boxd.it/1YBi
2020-06-13,Patchwork,2015,https://boxd.it/cfrY
2020-06-20,Ninja III: The Domination,1984,https://boxd.it/1q90
2020-06-21,Bushwick,2017,https://boxd.it/ffPC
2020-06-26,The Roost,2005,https://boxd.it/1rQY
2020-07-04,Out of the Past,1947,https://boxd.it/29PK
2020-07-06,Code 8,2019,https://boxd.it/gu9o
2020-07-07,The Witches of Eastwick,1987,https://boxd.it/2272
2020-07-21,Red River,1948,https://boxd.it/25Lu
2020-07-28,Flesh + Blood,1985,https://boxd.it/1Rg8
2020-07-28,Brain Damage,1988,https://boxd.it/1qUU
2020-07-29,Maniac Cop 2,1990,https://boxd.it/1qgU
2020-07-30,Millennium Mambo,2001,https://boxd.it/1Tzw
2020-07-31,Peninsula,2020,https://boxd.it/lnrU
2020-08-01,The Endless,2017,https://boxd.it/ffyw
2020-08-02,The Wild Bunch,1969,https://boxd.it/2a5y
2020-08-02,Hard Target,1993,https://boxd.it/27Ck
2020-08-03,The Bit Player,2018,https://boxd.it/niXA
2020-08-03,Harlan County U.S.A.,1976,https://boxd.it/1fJw
2020-08-04,The Trygon Factor,1966,https://boxd.it/3o92
2020-08-04,Riot Girls,2019,https://boxd.it/hkeU
2020-08-04,Timecrimes,2007,https://boxd.it/1OGM
2020-08-06,The Stakelander,2016,https://boxd.it/etYw
2020-08-06,All Hail the Popcorn King!,2019,https://boxd.it/neX2
2020-08-10,High Sierra,1941,https://boxd.it/1r7k
2020-08-10,Late Spring,1949,https://boxd.it/1DkK
2020-08-11,Dil Se..,1998,https://boxd.it/1CgC
2020-08-11,House of Flying Daggers,2004,https://boxd.it/1YoI
2020-08-23,Hot Type: 150 Years of The Nation,2015,https://boxd.it/b50Q
2020-09-07,I'm Thinking of Ending Things,2020,https://boxd.it/i4IQ
2020-09-11,The Five Dollar Movie,2019,https://boxd.it/lykU
2020-09-11,Marygoround,2020,https://boxd.it/oMB2
2020-09-25,The Devil All the Time,2020,https://boxd.it/i2tY
2020-09-25,The Social Dilemma,2020,https://boxd.it/opQI
2020-09-27,Punishment Park,1971,https://boxd.it/1tJK
2020-10-24,In Her Place,2014,https://boxd.it/8Rhk
2020-10-30,Tucker: The Man and His Dream,1988,https://boxd.it/1q4u
2020-11-03,Dear White People,2014,https://boxd.it/3Ps6
2020-11-15,His House,2020,https://boxd.it/l8Qq
2020-11-15,Tokyo Tribe,2014,https://boxd.it/74PU
2020-11-15,Get Duked!,2019,https://boxd.it/llgK
2020-11-15,EXIT,2019,https://boxd.it/l07i
2020-11-20,The Twentieth Century,2019,https://boxd.it/lqNE
2020-11-22,The Third Day,2020,https://boxd.it/rvvM
2020-12-08,Black Bear,2020,https://boxd.it/n8ru
2020-12-18,The Thin Man,1934,https://boxd.it/25gw
2020-12-18,Cold Pursuit,2019,https://boxd.it/fA80
2020-12-31,Klaus,2019,https://boxd.it/ipoi
2021-01-12,The Nest,2020,https://boxd.it/jTqq
2021-01-17,Mudbound,2017,https://boxd.it/eCsu
2021-01-17,Wolfwalkers,2020,https://boxd.it/fGrC
2021-01-17,Thunder Road,2018,https://boxd.it/i8Hs
2021-01-17,Minutes,2017,https://boxd.it/jMMO
2021-01-22,The Oracle,1985,https://boxd.it/2QJ6
2021-01-24,The Being,1983,https://boxd.it/2mpK
2021-01-24,Blood Diner,1987,https://boxd.it/c2C
2021-01-24,Night Patrol,1984,https://boxd.it/2vli
2021-01-24,The Keep,1983,https://boxd.it/1umW
2021-01-24,Sorority Babes in the Slimeball Bowl-O-Rama,1988,https://boxd.it/1rUG
2021-01-24,Sorority Babes in the Slimeball Bowl-O-Rama 2,2022,https://boxd.it/lZKq
2021-01-24,April Fool's Day,1986,https://boxd.it/1wNq
2021-01-24,Demons,1985,https://boxd.it/1OTQ
2021-01-24,Vamp,1986,https://boxd.it/1e6S
2021-01-24,Riki-Oh: The Story of Ricky,1991,https://boxd.it/1IDs
2021-01-24,The Seventh Curse,1986,https://boxd.it/12XA
2021-01-24,Prince of Darkness,1987,https://boxd.it/1ZKq
2021-01-24,Dead Heat,1988,https://boxd.it/12ue
2021-01-24,Cellar Dweller,1988,https://boxd.it/jyK
2021-02-06,Best Worst Movie,2009,https://boxd.it/10RU
2021-02-18,Follow the Dead,2020,https://boxd.it/sjR4
2021-02-18,Three Identical Strangers,2018,https://boxd.it/hDNO
2021-02-20,Judas and the Black Messiah,2021,https://boxd.it/lsew
2021-04-11,Anton LaVey: Into the Devil's Den,2019,https://boxd.it/ocuk
2021-04-19,Shiva Baby,2020,https://boxd.it/oIv0
2021-04-19,WeWork: or The Making and Breaking of a $47 Billion Unicorn,2021,https://boxd.it/tVqi
2021-04-28,Skull: The Mask,2020,https://boxd.it/qkbk
2021-04-28,The Honeymoon Phase,2019,https://boxd.it/omfa
2021-04-28,Hail to the Deadites,2020,https://boxd.it/rgyc
2021-05-12,Rififi,1955,https://boxd.it/29f8
2021-05-18,The Hot Rock,1972,https://boxd.it/O2U
2021-05-19,Init!ation,2020,https://boxd.it/mANw
2021-06-16,Slither,2006,https://boxd.it/1Zks
2021-06-16,Hatchet III,2013,https://boxd.it/5bQw
2021-06-16,The Canal,2014,https://boxd.it/7TVk
2021-06-22,In the Heights,2021,https://boxd.it/gLhu
2021-07-02,Climax,2018,https://boxd.it/ikvo
2021-07-06,The Forsaken,2001,https://boxd.it/1RTE
2021-07-07,Behind the Mask: The Rise of Leslie Vernon,2006,https://boxd.it/1UYi
2021-07-13,Wolves of Wall Street,2002,https://boxd.it/1rfe
2021-07-13,Dog Soldiers,2002,https://boxd.it/1SRE
2021-07-16,Dogs Don't Wear Pants,2019,https://boxd.it/j42i
2021-07-19,Bulworth,1998,https://boxd.it/1YE2
2021-07-21,Mystery Street,1950,https://boxd.it/1Fy0
2021-07-23,The Funhouse,1981,https://boxd.it/1PUK
2021-07-26,Baghead,2008,https://boxd.it/22C0
2021-08-02,The Green Knight,2021,https://boxd.it/kuy2
2021-08-09,Blood Simple,1984,https://boxd.it/1U16
2021-08-09,Jailbreakers,1994,https://boxd.it/5guq
2021-08-17,One Crazy Summer: A Look Back at Gravity Falls,2018,https://boxd.it/jk4Y
2021-08-20,Neon Maniacs,1986,https://boxd.it/1toM
2021-08-20,Teen Lust,2014,https://boxd.it/8Rfy
2021-09-07,Bound,1996,https://boxd.it/1Z1g
2021-09-12,Police Story 3: Super Cop,1992,https://boxd.it/1Uyk
2021-09-12,Supercop 2,1993,https://boxd.it/14NM
2021-09-13,Dashcam,2021,https://boxd.it/woV4
2021-09-13,Ahed's Knee,2021,https://boxd.it/oDp2
2021-09-14,Death Sentence,2007,https://boxd.it/1SYA
2021-10-08,Red Rocket,2021,https://boxd.it/sGpi
2021-10-17,Ema,2019,https://boxd.it/jHWa
2021-10-29,Shin Kamen Rider,2023,https://boxd.it/uDlw
2021-10-29,Shin Ultraman,2022,https://boxd.it/nwas
2021-10-29,Night Teeth,2021,https://boxd.it/oW5K
2021-10-29,Häxan,1922,https://boxd.it/n4O
2021-10-29,The French Dispatch,2021,https://boxd.it/jLP8
2021-10-30,There's Someone Inside Your House,2021,https://boxd.it/ix1c
2021-11-01,The Cured,2017,https://boxd.it/gPKq
2021-11-01,Better Watch Out,2016,https://boxd.it/ekeO
2021-11-01,The Sentinel,1977,https://boxd.it/1HoG
2021-11-01,The Uninvited,1944,https://boxd.it/1KeO
2021-11-01,Blood and Roses,1960,https://boxd.it/31WA
2021-11-01,Vampyres,1974,https://boxd.it/1kmW
2021-11-01,Fear No Evil,1981,https://boxd.it/3dFG
2021-11-01,The 4th Man,1983,https://boxd.it/1o7c
2021-11-01,Nadja,1994,https://boxd.it/1dF8
2021-11-01,Killer Condom,1996,https://boxd.it/1W0k
2021-11-01,Make a Wish,2002,https://boxd.it/3d88
2021-11-01,The Gay Bed and Breakfast of Terror,2007,https://boxd.it/3i62
2021-11-01,Chillerama,2011,https://boxd.it/2Meo
2021-11-01,Stranger by the Lake,2013,https://boxd.it/5Fji
2021-11-01,What Keeps You Alive,2018,https://boxd.it/ic9Y
2021-11-01,B&B,2017,https://boxd.it/gfCg
2021-11-01,Bit,2019,https://boxd.it/jrdo
2021-11-01,The Perfection,2018,https://boxd.it/jgxW
2021-11-01,Pitchfork,2016,https://boxd.it/eWeC
2021-11-01,Spiral,2019,https://boxd.it/mHJw
2021-11-01,Eddie: The Sleepwalking Cannibal,2012,https://boxd.it/3r0i
2021-11-01,Errors of the Human Body,2012,https://boxd.it/41mk
2021-11-01,Antiviral,2012,https://boxd.it/475Y
2021-11-01,Possessor,2020,https://boxd.it/fsJW
2021-11-20,Last Night in Soho,2021,https://boxd.it/lbJC
2021-11-20,Strange Days,1995,https://boxd.it/2aGO
2021-11-25,Hush,2016,https://boxd.it/d5ys
2021-12-06,When Animals Dream,2014,https://boxd.it/88gc
2021-12-09,Stuntwomen: The Untold Hollywood Story,2020,https://boxd.it/o6b2
2021-12-09,Hansel and Gretel,1983,https://boxd.it/2SSO
2021-12-10,Just Add Water: The Story of the Amazing Live Sea-Monkeys,2016,https://boxd.it/fYy2
2021-12-10,Nuts!,2016,https://boxd.it/d4Jk
2021-12-17,Spider-Man: No Way Home,2021,https://boxd.it/nwRw
2021-12-31,Drive My Car,2021,https://boxd.it/sv94
2021-12-31,Pig,2021,https://boxd.it/nzoW
2022-01-05,Deep Rising,1998,https://boxd.it/1YDe
2022-01-11,Zola,2020,https://boxd.it/jEWQ
2022-01-11,The Card Counter,2021,https://boxd.it/nTH0
2022-01-11,The Tragedy of Macbeth,2021,https://boxd.it/lMi4
2022-01-11,The Worst Person in the World,2021,https://boxd.it/oyws
2022-01-11,Undine,2020,https://boxd.it/mM3K
2022-01-11,"All Light, Everywhere",2021,https://boxd.it/l5q0
2022-01-11,Flee,2021,https://boxd.it/ponM
2022-01-11,Procession,2021,https://boxd.it/wMAu
2022-01-11,The World to Come,2020,https://boxd.it/iiuI
2022-01-11,The Lost Daughter,2021,https://boxd.it/kgww
2022-01-11,Saint Maud,2019,https://boxd.it/l8QA
2022-01-11,Petite Maman,2021,https://boxd.it/s6je
2022-01-11,Memoria,2021,https://boxd.it/iwtE
2022-01-11,The Souvenir: Part II,2021,https://boxd.it/gXTK
2022-01-11,The Power of the Dog,2021,https://boxd.it/m99E
2022-01-11,Bergman Island,2021,https://boxd.it/h86E
2022-01-17,Under the Skin,2013,https://boxd.it/3mDa
2022-01-22,After Yang,2021,https://boxd.it/lx5a
2022-01-22,The Exiles,2022,https://boxd.it/yoQM
2022-01-23,The Night House,2020,https://boxd.it/jZze
2022-01-29,Nanny,2022,https://boxd.it/vPHQ
2022-02-05,Nekrotronic,2018,https://boxd.it/ijRe
2022-02-05,Nightmare Alley,2021,https://boxd.it/m0HC
2022-02-12,I Want You Back,2022,https://boxd.it/poyU
2022-02-19,Last Night at the Alamo,1983,https://boxd.it/4fAA
2022-02-19,Near Dark,1987,https://boxd.it/1SRO
2022-02-27,Resurrection,2022,https://boxd.it/wUKC
2022-03-04,The Batman,2022,https://boxd.it/eDGs
2022-03-09,Sing Street,2016,https://boxd.it/cOo6
2022-03-09,Under the Shadow,2016,https://boxd.it/d1uG
2022-03-10,Ascension,2021,https://boxd.it/uZ22
2022-03-13,Dead Birds,2004,https://boxd.it/1ES4
2022-03-28,X,2022,https://boxd.it/sxVa
2022-03-28,Mishima: A Life in Four Chapters,1985,https://boxd.it/1sBA
2022-03-28,Holy Motors,2012,https://boxd.it/3wai
2022-03-28,Cha Cha Real Smooth,2022,https://boxd.it/uF8E
2022-03-28,The Lost City,2022,https://boxd.it/sg0Q
2022-03-31,Death Machine,1994,https://boxd.it/28gE
2022-04-11,The Brothers Grimm,2005,https://boxd.it/24kW
2022-04-11,Time Bandits,1981,https://boxd.it/19KI
2022-04-11,Tideland,2005,https://boxd.it/1Tyy
2022-04-11,The Imaginarium of Doctor Parnassus,2009,https://boxd.it/20DA
2022-04-11,Brazil,1985,https://boxd.it/2be2
2022-04-11,Moonfall,2022,https://boxd.it/ejwM
2022-05-07,The Others,2001,https://boxd.it/27Po
2022-05-08,RRR,2022,https://boxd.it/ljDs
2022-05-08,Opera,1987,https://boxd.it/1E2M
2022-05-08,Livid,2011,https://boxd.it/2WWA
2022-05-15,Diary of the Dead,2007,https://boxd.it/1QZw
2022-05-15,Survival of the Dead,2009,https://boxd.it/1nw6
2022-05-15,The Crazies,1973,https://boxd.it/1nwg
2022-05-21,The Imposter,2012,https://boxd.it/2Ya4
2022-05-26,Run Lola Run,1998,https://boxd.it/2b8o
2022-06-05,Windfall,2022,https://boxd.it/w4Zg
2022-06-05,Ultrasound,2021,https://boxd.it/uWRG
2022-06-05,Fresh,2022,https://boxd.it/tCNi
2022-06-06,The Quick and the Dead,1995,https://boxd.it/1Sx0
2022-06-06,The Hudsucker Proxy,1994,https://boxd.it/1SJA
2022-06-06,A Simple Plan,1998,https://boxd.it/1WMo
2022-06-06,Mad God,2021,https://boxd.it/vVPm
2022-06-10,Triangle,2009,https://boxd.it/1tQG
2022-06-18,Iron Eagle,1986,https://boxd.it/1UNu
2022-06-24,Halfway to Zen,2016,https://boxd.it/mgcq
2022-06-27,Diva,1981,https://boxd.it/24fW
2022-06-27,Fire in the Sky,1993,https://boxd.it/1LS6
2022-07-05,Demonlover,2002,https://boxd.it/1xz0
2022-07-08,Emily the Criminal,2022,https://boxd.it/wBOq
2022-07-10,The Sea Beast,2022,https://boxd.it/kv3a
2022-07-18,Armored,2009,https://boxd.it/243G
2022-07-23,Burning,2018,https://boxd.it/hHUa
2022-07-29,Hercules,,https://boxd.it/q7Jo
2022-07-29,Operation Fortune: Ruse de Guerre,2023,https://boxd.it/rJXA
2022-08-07,Marcel the Shell with Shoes On,2021,https://boxd.it/wMAk
2022-08-07,We Are the Night,2010,https://boxd.it/yC8
2022-08-07,Medusa,2021,https://boxd.it/uVtI
2022-08-07,Knife+Heart,2018,https://boxd.it/h5ko
2022-08-07,The Oxford Murders,2008,https://boxd.it/1Scc
2022-08-07,Mutant Action,1993,https://boxd.it/1vLy
2022-08-09,The Age of Adaline,2015,https://boxd.it/9ghu
2022-08-09,Bodies Bodies Bodies,2022,https://boxd.it/iRcE
2022-08-21,No Sudden Move,2021,https://boxd.it/o7WS
2022-08-28,Three Thousand Years of Longing,2022,https://boxd.it/kmoy
2022-09-01,Dance of the Vampires,1967,https://boxd.it/25Ri
2022-09-01,Triangle of Sadness,2022,https://boxd.it/hXlq
2022-09-02,Sole Survivor,1984,https://boxd.it/1n5Y
2022-09-03,Nun of That,2009,https://boxd.it/1nWy
2022-09-11,How to Blow Up a Pipeline,2022,https://boxd.it/C69e
2022-09-22,Most Beautiful Island,2017,https://boxd.it/fzqW
2022-09-26,25th Hour,2002,https://boxd.it/28LC
2022-09-26,Do Revenge,2022,https://boxd.it/sFiA
2022-10-02,Document of the Dead,1981,https://boxd.it/35DC
2022-10-02,Effects,1979,https://boxd.it/34gs
2022-10-03,My Best Friend's Exorcism,2022,https://boxd.it/uLUY
2022-10-03,Dead & Buried,1981,https://boxd.it/1xYa
2022-10-06,City 40,2016,https://boxd.it/dQbK
2022-10-14,The Banshees of Inisherin,2022,https://boxd.it/p7XS
2022-10-24,Decision to Leave,2022,https://boxd.it/qp9e
2022-10-25,Barry Lyndon,1975,https://boxd.it/25A2
2022-10-25,Black Adam,2022,https://boxd.it/fup0
2022-11-01,Death Becomes Her,1992,https://boxd.it/1YQi
2022-11-12,Kill Me Please,2015,https://boxd.it/cbcA
2022-11-14,God Forbid: The Sex Scandal That Brought Down a Dynasty,2022,https://boxd.it/CtPC
2022-11-14,The Brothers Bloom,2008,https://boxd.it/1Bqm
2022-11-21,Mona Lisa and the Blood Moon,2021,https://boxd.it/iXY0
2022-11-21,Apostle,2018,https://boxd.it/f0so
2022-11-23,Prisoners of the Ghostland,2021,https://boxd.it/j0NY
2022-11-27,Cyborg,1989,https://boxd.it/1X0q
2022-11-27,Vicious Lips,1986,https://boxd.it/16H2
2022-12-07,Aquarius,2016,https://boxd.it/d6YQ
2022-12-08,Ms .45,1981,https://boxd.it/1AWG
2022-12-09,Southland Tales,2006,https://boxd.it/23Uu
2022-12-10,Noroi: The Curse,2005,https://boxd.it/1BN6
2022-12-10,Ravenous,1999,https://boxd.it/1WOa
2022-12-11,Superstar: The Karen Carpenter Story,1987,https://boxd.it/28Rq
2022-12-12,The Wave,2015,https://boxd.it/baoo
2022-12-12,The Beast Must Die,1974,https://boxd.it/12cO
2022-12-12,S He,2018,https://boxd.it/jlP2
2022-12-12,The Company of Wolves,1984,https://boxd.it/1SO6
2022-12-12,Pulse,2001,https://boxd.it/1s3y
2022-12-12,The To Do List,2013,https://boxd.it/4dAo
2022-12-12,Blockers,2018,https://boxd.it/fxEW
2022-12-12,Plan B,2021,https://boxd.it/rUMy
2022-12-12,Navalny,2022,https://boxd.it/yV2g
2022-12-12,Koyaanisqatsi,1982,https://boxd.it/1U9E
2022-12-13,To Have and Have Not,1944,https://boxd.it/1Am4
2022-12-13,Silverado,1985,https://boxd.it/1TGC
2022-12-13,Beyond the Valley of the Dolls,1970,https://boxd.it/22GQ
2022-12-13,Valley of the Dolls,1967,https://boxd.it/25QY
2022-12-16,EO,2022,https://boxd.it/txhc
2022-12-16,Wolfen,1981,https://boxd.it/1VxM
2022-12-24,The Battery,2012,https://boxd.it/5qMk
2022-12-24,Spring,2014,https://boxd.it/76Sm
2022-12-28,1945,2017,https://boxd.it/fEs4
2022-12-28,The Grey Zone,2001,https://boxd.it/1ME0
2022-12-30,Juice,1992,https://boxd.it/1KK6
2022-12-30,Jawbreaker,1999,https://boxd.it/1G7a
2022-12-30,Blindspotting,2018,https://boxd.it/hDMw
2022-12-30,Spree,2020,https://boxd.it/oiiO
2023-01-03,Nocturne,2020,https://boxd.it/nTaK
2023-01-07,The Hole in the Ground,2019,https://boxd.it/hq9c
2023-01-09,White: Melody of Death,2011,https://boxd.it/2yKK
2023-01-19,Past Lives,2023,https://boxd.it/oNB8
2023-01-19,Times Square,1980,https://boxd.it/2Dy0
2023-01-23,The Pod Generation,2023,https://boxd.it/xBjY
2023-01-23,The Wolf House,2018,https://boxd.it/i1vE
2023-01-23,Sick,2022,https://boxd.it/vgBI
2023-01-23,November,2017,https://boxd.it/fxu8
2023-01-23,Ghostwatch,1992,https://boxd.it/MIO
2023-02-04,Variety,1983,https://boxd.it/305A
2023-02-10,American Dharma,2018,https://boxd.it/jB9G
2023-02-13,Lifeboat,1944,https://boxd.it/1Qpo
2023-02-13,"Paris, Texas",1984,https://boxd.it/29Ts
2023-02-13,"Motion and Emotion: The Road to 'Paris, Texas'",1990,https://boxd.it/gFfs
2023-02-15,Fear No Fruit,2015,https://boxd.it/bioG
2023-02-21,Ant-Man and the Wasp: Quantumania,2023,https://boxd.it/nL2y
2023-02-22,Gates of Heaven,1978,https://boxd.it/1wBu
2023-02-22,The Third Man,1949,https://boxd.it/294E
2023-02-22,Floating Weeds,1959,https://boxd.it/LZu
2023-02-25,World of Tomorrow Episode Two: The Burden of Other People's Thoughts,2017,https://boxd.it/gU8m
2023-02-25,World of Tomorrow Episode Three: The Absent Destinations of David Prime,2020,https://boxd.it/rmsk
2023-02-27,Cocaine Bear,2023,https://boxd.it/ugw2
2023-02-28,Wes Anderson: Centered,2014,https://boxd.it/o35K
2023-03-03,Summer Wars,2009,https://boxd.it/1oDC
2023-03-03,Pumzi,2009,https://boxd.it/QbO
2023-03-03,Touki Bouki,1973,https://boxd.it/2H44
2023-03-03,Black Girl,1966,https://boxd.it/3jIQ
2023-03-03,In the Mood for Love,2000,https://boxd.it/29tE
2023-03-05,Kaboom,2010,https://boxd.it/Mco
2023-03-05,Nowhere,1997,https://boxd.it/286E
2023-03-05,The Doom Generation,1995,https://boxd.it/1PVe
2023-03-09,Lifepod,1993,https://boxd.it/1EWg
2023-03-11,Death Drop Gorgeous,2020,https://boxd.it/ppfE
2023-03-11,Serial Mom,1994,https://boxd.it/1Tty
2023-03-12,Meet Me in the Bathroom,2022,https://boxd.it/yoNI
2023-03-12,Chaos Walking,2021,https://boxd.it/ey2M
2023-03-12,Road Trash,2019,https://boxd.it/nU1u
2023-03-12,#Shakespeare’s Shitstorm,2020,https://boxd.it/lwiC
2023-03-12,Eating Miss Campbell,2022,https://boxd.it/B1t2
2023-03-12,Daisies,1966,https://boxd.it/LZk
2023-03-13,The Daytrippers,1996,https://boxd.it/F9i
2023-03-13,To Dust,2018,https://boxd.it/iDtQ
2023-03-16,Killers of the Flower Moon,2023,https://boxd.it/gHp0
2023-03-17,Solomon and Sheba,1959,https://boxd.it/1mbw
2023-03-17,Stella Dallas,1937,https://boxd.it/Toc
2023-03-17,I Used to Be Funny,2023,https://boxd.it/yzvU
2023-03-18,Brooklyn 45,2023,https://boxd.it/yviW
2023-03-19,Boar,2017,https://boxd.it/eHMY
2023-03-27,The Lost King,2022,https://boxd.it/yqoq
2023-03-27,Acidman,2022,https://boxd.it/Aqwe
2023-03-27,The Innocent,2022,https://boxd.it/yDo4
2023-04-02,Christiane F.,1981,https://boxd.it/1YiA
2023-04-02,Hangin' Out,1983,https://boxd.it/27mw
2023-04-02,B-Movie: Lust & Sound in West-Berlin 1979-1989,2015,https://boxd.it/ai0W
2023-04-02,Do the Right Thing,1989,https://boxd.it/29gA
2023-04-03,Set It Off,1996,https://boxd.it/1YMg
2023-04-03,John Wick: Chapter 4,2023,https://boxd.it/mh48
2023-04-07,Dream Lover,1993,https://boxd.it/1Hpk
2023-04-08,Vagabond,1985,https://boxd.it/T0u
2023-04-08,Varda by Agnès,2019,https://boxd.it/kihS
2023-04-08,Far from Vietnam,1967,https://boxd.it/1beO
2023-04-13,Song of the Assassins,2022,https://boxd.it/idoq
2023-04-15,Beau Is Afraid,2023,https://boxd.it/u2gE
2023-04-15,The Portable Door,2023,https://boxd.it/vkQC
2023-04-15,Skinamarink,2022,https://boxd.it/ByDO
2023-04-21,Elevator to the Gallows,1958,https://boxd.it/294u
2023-04-24,Dead Ringers,2023,https://boxd.it/G9uM
2023-04-24,Dude Bro Party Massacre III,2015,https://boxd.it/9ofG
2023-04-26,Machines In Flames,2022,https://boxd.it/B4xc
2023-05-04,Polite Society,2023,https://boxd.it/AU9u
2023-05-08,Extrapolations,2023,https://boxd.it/G6hA
2023-05-08,Strange World,2022,https://boxd.it/x6Li
2023-05-17,Fast X,2023,https://boxd.it/drIu
2023-05-29,Influencer,2022,https://boxd.it/CAKa
2023-05-29,This Space Available,2011,https://boxd.it/bjag
2023-05-29,Missing,2023,https://boxd.it/sS1W
2023-05-29,Eyes Without a Face,1960,https://boxd.it/1j9i
2023-05-29,BlackBerry,2023,https://boxd.it/CoVK
2023-05-29,Paprika,2006,https://boxd.it/23wW
2023-07-01,Snake in the Eagle's Shadow,1978,https://boxd.it/1TC6
2023-07-20,Millennium Actress,2001,https://boxd.it/1fK0
2023-07-23,Bride of Re-Animator,1990,https://boxd.it/1HyQ
2023-08-03,A Page of Madness,1926,https://boxd.it/3i2u
2023-08-03,Shocker,1989,https://boxd.it/1RNG
2023-08-03,Oppenheimer,2023,https://boxd.it/wUow
2023-08-03,Secret Invasion,2023,https://boxd.it/HcqU
2023-08-03,Malum,2023,https://boxd.it/FoFy
2023-08-03,Dream Scenario,2023,https://boxd.it/v2h0
2023-08-08,Spider-Man: Beyond the Spider-Verse,,https://boxd.it/ykgU
2023-08-21,The Peace Killers,1971,https://boxd.it/3he0
2023-08-21,Medusa Deluxe,2022,https://boxd.it/zhsK
2023-08-27,Dust Devil,1992,https://boxd.it/23bY
2023-08-27,Saturday Fiction,2019,https://boxd.it/hXmo
2023-08-28,High-Rise,2015,https://boxd.it/7tmo
2023-08-28,SPL: Kill Zone,2005,https://boxd.it/1QLO
2023-08-28,Call of Heroes,2016,https://boxd.it/ezsw
2023-08-29,"Orlando, My Political Biography",2023,https://boxd.it/EL28
2023-08-30,Landscape with Invisible Hand,2023,https://boxd.it/tesq
2023-09-01,Cherry 2000,1987,https://boxd.it/1Lx8
2023-09-02,Bring On The Damned!,2023,https://boxd.it/ynKo
2023-09-04,Turn Every Page - The Adventures of Robert Caro and Robert Gottlieb,2022,https://boxd.it/ArJo
2023-09-04,All the Beauty and the Bloodshed,2022,https://boxd.it/BYjU
2023-09-19,New Battles Without Honor and Humanity 1,1974,https://boxd.it/2fue
2023-09-19,Predator 2,1990,https://boxd.it/2aY4
2023-09-21,The Peasants,2023,https://boxd.it/rwWa
2023-09-21,Only God Forgives,2013,https://boxd.it/2HBs
2023-09-24,Charm City Kings,2020,https://boxd.it/kbUS
2023-09-25,Cobweb,2023,https://boxd.it/qywG
2023-09-30,My Little Eye,2002,https://boxd.it/1KSk
2023-10-09,The Resurrected,1991,https://boxd.it/1kMq
2023-10-15,Flora and Son,2023,https://boxd.it/E63u
2023-10-16,Frankenstein's Army,2013,https://boxd.it/4Qec
2023-10-16,She Is Conann,2023,https://boxd.it/raF2
2023-10-20,Totally Killer,2023,https://boxd.it/AOpG
2023-10-21,Fréwaka,,https://boxd.it/J7CA
2023-10-23,Deuces Wild,2002,https://boxd.it/1QBu
2023-10-23,Old Henry,2021,https://boxd.it/ty1u
2023-10-23,An Ambush of Ghosts,1993,https://boxd.it/dqmM
2023-10-23,The Last Minute,2001,https://boxd.it/KbI
2023-10-26,Wendy Wu: Homecoming Warrior,2006,https://boxd.it/d32
2023-10-28,When Evil Lurks,2023,https://boxd.it/rXBe
2023-10-31,100 Bloody Acres,2012,https://boxd.it/49sA
2023-11-12,Kafka,1991,https://boxd.it/26Zi
2023-11-13,Do Not Disturb,2022,https://boxd.it/xio6
2023-11-26,Bullitt,1968,https://boxd.it/29i2
2023-11-26,The Blackening,2022,https://boxd.it/C6VM
2023-11-29,Lake Mungo,2008,https://boxd.it/1rWM
2023-11-30,Hearts Beat Loud,2018,https://boxd.it/gReG
2023-12-08,Bottoms,2023,https://boxd.it/uGf2
2023-12-08,Asteroid City,2023,https://boxd.it/s3ds
2023-12-09,Shortbus,2006,https://boxd.it/28So
2023-12-10,Aporia,2023,https://boxd.it/jdhm
2023-12-22,Carmilla,2019,https://boxd.it/h5po
2023-12-23,Sharksploitation,2023,https://boxd.it/yAyq
2023-12-27,The Curse of the Cat People,1944,https://boxd.it/1pB8
2024-01-03,Godzilla Minus One,2023,https://boxd.it/zu4c
2024-01-03,The Hunger Games: The Ballad of Songbirds & Snakes,2023,https://boxd.it/pZCY
2024-01-06,If I Leave Here Tomorrow: A Film About Lynyrd Skynyrd,2018,https://boxd.it/i89K
2024-01-13,Dracula,1958,https://boxd.it/1STA
2024-01-16,Poor Things,2023,https://boxd.it/tNWU
2024-01-19,The Street Fighter,1974,https://boxd.it/10Tc
2024-01-19,Natural Born Killers,1994,https://boxd.it/2aNg
2024-01-20,Abigail,2024,https://boxd.it/G0NA
2024-01-21,Stamped from the Beginning,2023,https://boxd.it/GPqi
2024-01-22,I Saw the TV Glow,2024,https://boxd.it/woVe
2024-01-22,Freaky Tales,2024,https://boxd.it/B0MC
2024-01-26,Anatomy of a Fall,2023,https://boxd.it/yuDE
2024-01-27,Dìdi (弟弟),2024,https://boxd.it/HQOW
2024-01-28,Lisa Frankenstein,2024,https://boxd.it/ByjY
2024-01-28,Bullet Train,2022,https://boxd.it/qW26
2024-01-29,Tex Montana Will Survive!,2015,https://boxd.it/b1tY
2024-01-30,Back Street,1932,https://boxd.it/3Gai
2024-02-06,Sullivan's Travels,1941,https://boxd.it/1Ko0
2024-02-06,House Party 2,1991,https://boxd.it/1KPA
2024-02-15,Robot Dreams,2023,https://boxd.it/vBZm
2024-02-15,Madame Web,2024,https://boxd.it/nwD0
2024-02-18,Statues Also Die,1953,https://boxd.it/17bc
2024-02-18,Days of Being Wild,1990,https://boxd.it/1HbC
2024-02-23,Drive-Away Dolls,2024,https://boxd.it/A8vi
2024-02-23,Deranged,1974,https://boxd.it/1368
2024-02-23,The Last Repair Shop,2023,https://boxd.it/IpY8
2024-02-23,Redline,2009,https://boxd.it/2pQ0
2024-02-26,The Zone of Interest,2023,https://boxd.it/gJsA
